t,x,y,z,dx,dy,dz,dv_st
0.000000e+00,-9.913627e-01,3.706440e-03,4.211549e-04,1.651433e-03,5.402040e-03,-1.851085e-03,0.000000e+00
3.505562e+00,-9.901819e-01,4.320842e-03,-4.645174e-04,3.243922e-03,-2.664763e-03,-1.851094e-03,-1.796875e-08
7.011123e+00,-9.889905e-01,1.680209e-03,-1.056590e-03,1.517694e-03,-8.381518e-03,-6.699739e-04,2.343750e-07
1.051668e+01,-9.891041e-01,-2.210221e-03,-1.005886e-03,-1.969121e-03,-7.873355e-03,8.859872e-04,-9.985352e-07
1.402225e+01,-9.903914e-01,-4.457799e-03,-3.408495e-04,-3.187169e-03,-1.520461e-03,1.943785e-03,-1.592187e-06
1.752781e+01,-9.914589e-01,-3.320887e-03,5.370253e-04,-1.307421e-03,6.467757e-03,1.700401e-03,-1.068848e-06
2.103337e+01,-9.916604e-01,6.424313e-04,8.867339e-04,1.361708e-04,9.815248e-03,-3.595324e-04,-7.824219e-07
2.453893e+01,-9.912444e-01,4.021109e-03,2.969500e-04,1.998093e-03,4.273716e-03,-1.958408e-03,5.988281e-07
2.804449e+01,-9.899719e-01,4.112476e-03,-5.816594e-04,3.219158e-03,-3.756424e-03,-1.734200e-03,9.516602e-07
3.155005e+01,-9.889074e-01,1.123664e-03,-1.093530e-03,1.025678e-03,-8.748577e-03,-4.456660e-04,-1.643140e-06
3.505562e+01,-9.892449e-01,-2.701697e-03,-9.419842e-04,-2.364715e-03,-7.236627e-03,1.091760e-03,-1.415771e-06
3.856118e+01,-9.905947e-01,-4.519148e-03,-2.120434e-04,-3.055856e-03,-3.435430e-04,2.010790e-03,-8.633057e-07
4.206674e+01,-9.915337e-01,-2.869221e-03,6.422286e-04,-9.865453e-04,7.443145e-03,1.505025e-03,-3.146484e-07
4.557230e+01,-9.916472e-01,1.270110e-03,8.527745e-04,2.937122e-04,9.474234e-03,-7.053382e-04,8.671875e-08
4.907786e+01,-9.911042e-01,4.261568e-03,1.669632e-04,2.330606e-03,3.102471e-03,-2.026441e-03,8.041992e-07
5.258342e+01,-9.897657e-01,3.835533e-03,-6.914077e-04,3.113596e-03,-4.783681e-03,-1.596056e-03,-6.969238e-07
5.608899e+01,-9.888579e-01,5.478172e-04,-1.116868e-03,5.025974e-04,-8.968359e-03,-2.152756e-04,-2.050781e-07
5.959455e+01,-9.894097e-01,-3.147636e-03,-8.658203e-04,-2.695368e-03,-6.479267e-03,1.286117e-03,-9.487305e-07
6.310011e+01,-9.907871e-01,-4.502690e-03,-7.954094e-05,-2.855091e-03,8.550277e-04,2.050499e-03,-4.797363e-07
6.660567e+01,-9.915885e-01,-2.357101e-03,7.343318e-04,-7.020855e-04,8.300000e-03,1.264758e-03,3.867188e-08
7.011123e+01,-9.916220e-01,1.869032e-03,7.980334e-04,4.918414e-04,8.924529e-03,-1.025319e-03,-3.386719e-07
7.361679e+01,-9.909427e-01,4.424269e-03,3.371247e-05,2.630984e-03,1.904294e-03,-2.058545e-03,1.067773e-06
7.712236e+01,-9.895694e-01,3.493064e-03,-7.924540e-04,2.923454e-03,-5.731322e-03,-1.438887e-03,9.072266e-07
8.062792e+01,-9.888427e-01,-3.840464e-05,-1.126301e-03,-3.437433e-05,-9.035022e-03,1.836033e-05,-1.548437e-06
8.413348e+01,-9.895939e-01,-3.541664e-03,-7.782350e-04,-2.952669e-03,-5.613330e-03,1.466232e-03,-1.716504e-06
8.763904e+01,-9.909648e-01,-4.408378e-03,5.459221e-05,-2.594979e-03,2.061027e-03,2.059332e-03,-1.358643e-06
9.114460e+01,-9.916265e-01,-1.793878e-03,8.100407e-04,-4.632200e-04,9.007779e-03,9.815727e-04,-2.197266e-07
9.465016e+01,-9.915826e-01,2.426673e-03,7.240405e-04,7.374817e-04,8.196913e-03,-1.309564e-03,-7.468750e-07
9.815573e+01,-9.907631e-01,4.509023e-03,-1.007074e-04,2.884526e-03,6.977753e-04,-2.056645e-03,4.790039e-07
1.016613e+02,-9.893874e-01,3.091718e-03,-8.833069e-04,2.656153e-03,-6.584934e-03,-1.263872e-03,-2.771484e-07
1.051668e+02,-9.888627e-01,-6.247757e-04,-1.121098e-03,-5.716021e-04,-8.947979e-03,2.527387e-04,-1.747266e-06
1.086724e+02,-9.897930e-01,-3.876345e-03,-6.796665e-04,-3.132092e-03,-4.651999e-03,1.629499e-03,9.921875e-08
1.121780e+02,-9.911245e-01,-4.234010e-03,1.884563e-04,-2.288908e-03,3.261252e-03,2.033157e-03,2.868164e-07
1.156835e+02,-9.916503e-01,-1.186727e-03,8.662686e-04,-2.707018e-04,9.533763e-03,6.602237e-04,6.562500e-08
1.191891e+02,-9.915254e-01,2.934642e-03,6.326572e-04,1.029135e-03,7.316493e-03,-1.551030e-03,8.753906e-07
1.226947e+02,-9.905678e-01,4.515251e-03,-2.339998e-04,3.078235e-03,-5.082090e-04,-2.021236e-03,7.898437e-07
1.262002e+02,-9.892246e-01,2.635741e-03,-9.616913e-04,2.313474e-03,-7.333474e-03,-1.071582e-03,1.476562e-07
1.297058e+02,-9.889179e-01,-1.203238e-03,-1.099704e-03,-1.095933e-03,-8.706793e-03,4.847665e-04,1.312500e-07
1.332113e+02,-9.900018e-01,-4.146699e-03,-5.703056e-04,-3.228397e-03,-3.606696e-03,1.771128e-03,4.443359e-07
1.367169e+02,-9.912632e-01,-3.981486e-03,3.192513e-04,-1.950181e-03,4.438000e-03,1.965338e-03,-7.687500e-07
1.402225e+02,-9.916627e-01,-5.509996e-04,8.995012e-04,-1.153451e-04,9.847914e-03,3.100997e-04,-3.113281e-07
1.437280e+02,-9.914471e-01,3.381315e-03,5.261506e-04,1.358128e-03,6.318396e-03,-1.744600e-03,-3.593750e-08
1.472336e+02,-9.903617e-01,4.442504e-03,-3.635273e-04,3.200532e-03,-1.692294e-03,-1.953031e-03,1.115625e-06
1.507392e+02,-9.890858e-01,2.133669e-03,-1.025447e-03,1.906056e-03,-7.958761e-03,-8.641184e-04,-1.426025e-06
1.542447e+02,-9.890060e-01,-1.762231e-03,-1.061560e-03,-1.588146e-03,-8.315815e-03,7.098965e-04,-1.133203e-06
1.577503e+02,-9.902143e-01,-4.347551e-03,-4.516932e-04,-3.241162e-03,-2.496286e-03,1.886458e-03,-3.140625e-07
1.612558e+02,-9.913799e-01,-3.653820e-03,4.433508e-04,-1.599838e-03,5.570086e-03,1.851460e-03,-1.972656e-07
1.647614e+02,-9.916661e-01,9.828091e-05,9.074463e-04,2.039127e-05,9.932701e-03,-5.390816e-05,-5.519531e-07
1.682670e+02,-9.913473e-01,3.760798e-03,4.074324e-04,1.705713e-03,5.234561e-03,-1.888533e-03,7.031250e-07
1.717725e+02,-9.901503e-01,4.295043e-03,-4.870056e-04,3.246081e-03,-2.837713e-03,-1.853619e-03,9.545898e-07
1.752781e+02,-9.889761e-01,1.596746e-03,-1.073309e-03,1.444394e-03,-8.450335e-03,-6.437533e-04,4.907227e-07
1.787836e+02,-9.891245e-01,-2.289439e-03,-1.006930e-03,-2.034438e-03,-7.786268e-03,9.255481e-04,-1.050586e-06
1.822892e+02,-9.904244e-01,-4.473828e-03,-3.252970e-04,-3.173635e-03,-1.340858e-03,1.973677e-03,3.324219e-07
1.857948e+02,-9.914733e-01,-3.255676e-03,5.582433e-04,-1.256714e-03,6.629372e-03,1.689715e-03,-3.921875e-07
1.893003e+02,-9.916604e-01,7.427893e-04,8.906782e-04,1.591530e-04,9.780784e-03,-4.158799e-04,-8.459473e-07
1.928059e+02,-9.912249e-01,4.065769e-03,2.802271e-04,2.053208e-03,4.092802e-03,-1.987093e-03,7.734375e-07
1.963115e+02,-9.899391e-01,4.074760e-03,-6.032130e-04,3.209828e-03,-3.925444e-03,-1.728595e-03,-5.777344e-07
1.998170e+02,-9.888976e-01,1.033813e-03,-1.106307e-03,9.442185e-04,-8.796579e-03,-4.150788e-04,-8.068359e-07
2.033226e+02,-9.892700e-01,-2.776566e-03,-9.383805e-04,-2.422799e-03,-7.126748e-03,1.129565e-03,-5.302734e-07
2.068281e+02,-9.906270e-01,-4.523221e-03,-1.939640e-04,-3.029861e-03,-1.542226e-04,2.032938e-03,2.912109e-07
2.103337e+02,-9.915449e-01,-2.792190e-03,6.612643e-04,-9.391369e-04,7.591784e-03,1.481851e-03,6.914062e-08
2.138393e+02,-9.916452e-01,1.369007e-03,8.510532e-04,3.226037e-04,9.403598e-03,-7.603819e-04,3.242188e-08
2.173448e+02,-9.910805e-01,4.294710e-03,1.478909e-04,2.382805e-03,2.912415e-03,-2.045196e-03,6.275391e-07
2.208504e+02,-9.897338e-01,3.786368e-03,-7.111332e-04,3.089581e-03,-4.943556e-03,-1.582195e-03,2.226562e-08
2.243559e+02,-9.888531e-01,4.545659e-04,-1.125102e-03,4.173726e-04,-8.992964e-03,-1.811979e-04,-5.091797e-07
2.278615e+02,-9.894381e-01,-3.215755e-03,-8.576262e-04,-2.742666e-03,-6.350686e-03,1.320774e-03,-1.349414e-06
2.313671e+02,-9.908173e-01,-4.495271e-03,-5.961244e-05,-2.818533e-03,1.047012e-03,2.063730e-03,-1.171875e-06
2.348726e+02,-9.915970e-01,-2.272272e-03,7.503263e-04,-6.614318e-04,8.427805e-03,1.229670e-03,2.235352e-07
2.383782e+02,-9.916182e-01,1.961538e-03,7.910966e-04,5.274996e-04,8.825745e-03,-1.076465e-03,-2.484375e-07
2.418838e+02,-9.909162e-01,4.445321e-03,1.286124e-05,2.676923e-03,1.714584e-03,-2.068886e-03,-4.047852e-07
2.453893e+02,-9.895396e-01,3.435247e-03,-8.106373e-04,2.888406e-03,-5.875508e-03,-1.418484e-03,-1.687500e-07
2.488949e+02,-9.888435e-01,-1.309340e-04,-1.131036e-03,-1.199791e-04,-9.035601e-03,5.520452e-05,-3.742187e-07
2.524004e+02,-9.896248e-01,-3.599590e-03,-7.665798e-04,-2.988103e-03,-5.470341e-03,1.499009e-03,9.101563e-08
2.559060e+02,-9.909919e-01,-4.387630e-03,7.598955e-05,-2.550495e-03,2.251210e-03,2.065917e-03,-1.108008e-06
2.594116e+02,-9.916320e-01,-1.701533e-03,8.235389e-04,-4.299626e-04,9.106522e-03,9.370233e-04,-5.041992e-07
2.629171e+02,-9.915758e-01,2.511051e-03,7.134930e-04,7.804152e-04,8.070359e-03,-1.356348e-03,5.898438e-08
2.664227e+02,-9.907339e-01,4.516729e-03,-1.225927e-04,2.920309e-03,5.074760e-04,-2.061659e-03,5.085938e-07
2.699282e+02,-9.893607e-01,3.024464e-03,-9.004544e-04,2.607519e-03,-6.711973e-03,-1.239416e-03,4.135742e-07
2.734338e+02,-9.888692e-01,-7.164437e-04,-1.123544e-03,-6.555205e-04,-8.922688e-03,2.913065e-04,-9.414062e-07
2.769394e+02,-9.898251e-01,-3.924363e-03,-6.657945e-04,-3.152621e-03,-4.495378e-03,1.660741e-03,-1.889795e-06
2.804449e+02,-9.911481e-01,-4.201909e-03,2.105237e-04,-2.238276e-03,3.446614e-03,2.034153e-03,-1.557422e-06
2.839505e+02,-9.916541e-01,-1.090790e-03,8.772400e-04,-2.448108e-04,9.601034e-03,6.088061e-04,1.732422e-07
2.874561e+02,-9.915157e-01,3.008822e-03,6.194705e-04,1.078797e-03,7.172345e-03,-1.593489e-03,1.001953e-07
2.909616e+02,-9.905371e-01,4.510567e-03,-2.566590e-04,3.103316e-03,-6.930311e-04,-2.022995e-03,1.050781e-07
2.944672e+02,-9.892018e-01,2.561766e-03,-9.784044e-04,2.254887e-03,-7.440216e-03,-1.044561e-03,3.882813e-07
2.979727e+02,-9.889296e-01,-1.291317e-03,-1.100905e-03,-1.174454e-03,-8.658097e-03,5.247808e-04,1.148437e-07
3.014783e+02,-9.900343e-01,-4.183771e-03,-5.550102e-04,-3.235218e-03,-3.441263e-03,1.802053e-03,-2.797266e-06
3.049839e+02,-9.912835e-01,-3.938161e-03,3.418684e-04,-1.897781e-03,4.615867e-03,1.962069e-03,-1.566406e-06
3.084894e+02,-9.916652e-01,-4.527008e-04,9.083914e-04,-9.414745e-05,9.880915e-03,2.537171e-04,1.101562e-07
3.119950e+02,-9.914346e-01,3.445354e-03,5.110374e-04,1.411112e-03,6.160225e-03,-1.783997e-03,4.096680e-07
3.155005e+02,-9.903302e-01,4.426521e-03,-3.871341e-04,3.213860e-03,-1.871421e-03,-1.953154e-03,1.010303e-06
3.190061e+02,-9.890676e-01,2.054359e-03,-1.042414e-03,1.838455e-03,-8.045454e-03,-8.349985e-04,1.011719e-07
3.225117e+02,-9.890225e-01,-1.845582e-03,-1.062163e-03,-1.659843e-03,-8.245999e-03,7.520621e-04,-1.128516e-06
3.260172e+02,-9.902470e-01,-4.373268e-03,-4.350840e-04,-3.236170e-03,-2.323494e-03,1.918448e-03,-1.925781e-06
3.295228e+02,-9.913967e-01,-3.599011e-03,4.668268e-04,-1.547415e-03,5.738949e-03,1.844182e-03,-8.516602e-07
3.330284e+02,-9.916674e-01,1.977476e-04,9.146636e-04,4.048765e-05,9.929153e-03,-1.143426e-04,3.460937e-07
3.365339e+02,-9.913308e-01,3.814009e-03,3.907269e-04,1.761652e-03,5.063529e-03,-1.926318e-03,-6.097656e-07
3.400395e+02,-9.901178e-01,4.266587e-03,-5.117411e-04,3.247016e-03,-3.011409e-03,-1.853064e-03,-5.179687e-07
3.435450e+02,-9.889618e-01,1.510596e-03,-1.090806e-03,1.369658e-03,-8.515844e-03,-6.129802e-04,-1.771436e-06
3.470506e+02,-9.891461e-01,-2.369518e-03,-1.007082e-03,-2.099504e-03,-7.693059e-03,9.695494e-04,-1.458252e-06
3.505562e+02,-9.904576e-01,-4.488354e-03,-3.075179e-04,-3.156380e-03,-1.156620e-03,2.006068e-03,-7.707031e-07
3.540617e+02,-9.914874e-01,-3.187989e-03,5.819346e-04,-1.205790e-03,6.791218e-03,1.676945e-03,-2.141602e-07
3.575673e+02,-9.916603e-01,8.442438e-04,8.953465e-04,1.833090e-04,9.740041e-03,-4.784232e-04,-6.511230e-07
3.610728e+02,-9.912042e-01,4.109041e-03,2.617807e-04,2.109331e-03,3.907316e-03,-2.021281e-03,4.257812e-08
3.645784e+02,-9.899065e-01,4.034165e-03,-6.282932e-04,3.196012e-03,-4.095565e-03,-1.725031e-03,8.094727e-07
3.680840e+02,-9.888884e-01,9.416870e-04,-1.122726e-03,8.614402e-04,-8.840993e-03,-3.815725e-04,-1.921875e-06
3.715895e+02,-9.892960e-01,-2.852169e-03,-9.365032e-04,-2.479014e-03,-7.011928e-03,1.174242e-03,-2.409668e-06
3.750951e+02,-9.906599e-01,-4.526338e-03,-1.744020e-04,-3.001890e-03,3.891768e-05,2.062594e-03,4.414063e-07
3.786007e+02,-9.915564e-01,-2.712911e-03,6.841694e-04,-8.922449e-04,7.741515e-03,1.460094e-03,3.013672e-07
3.821062e+02,-9.916436e-01,1.469243e-03,8.519057e-04,3.534795e-04,9.328169e-03,-8.231863e-04,1.218750e-07
3.856118e+02,-9.910563e-01,4.327191e-03,1.272618e-04,2.435484e-03,2.717942e-03,-2.074114e-03,7.410156e-07
3.891173e+02,-9.897016e-01,3.734801e-03,-7.361611e-04,3.063365e-03,-5.105755e-03,-1.573706e-03,-5.078125e-08
3.926229e+02,-9.888496e-01,3.587038e-04,-1.139481e-03,3.289429e-04,-9.014620e-03,-1.441551e-04,5.824219e-07
3.961285e+02,-9.894685e-01,-3.284218e-03,-8.527668e-04,-2.789843e-03,-6.215131e-03,1.365826e-03,2.179688e-07
3.996340e+02,-9.908483e-01,-4.484759e-03,-3.790373e-05,-2.778794e-03,1.246388e-03,2.088953e-03,-1.858716e-06
4.031396e+02,-9.916055e-01,-2.181749e-03,7.718257e-04,-6.206197e-04,8.556294e-03,1.197354e-03,1.238281e-07
4.066452e+02,-9.916138e-01,2.057440e-03,7.879172e-04,5.674503e-04,8.715261e-03,-1.137476e-03,-6.518066e-07
4.101507e+02,-9.908879e-01,4.464592e-03,-9.591277e-06,2.722946e-03,1.512487e-03,-2.091997e-03,-1.996094e-07
4.136563e+02,-9.895086e-01,3.371272e-03,-8.349345e-04,2.847717e-03,-6.025900e-03,-1.404856e-03,-1.170117e-06
4.171618e+02,-9.888457e-01,-2.303816e-04,-1.142691e-03,-2.109150e-04,-9.030644e-03,9.489577e-05,-1.059717e-06
4.206674e+02,-9.896584e-01,-3.660671e-03,-7.585996e-04,-3.022417e-03,-5.314086e-03,1.542380e-03,-9.187012e-07
4.241730e+02,-9.910211e-01,-4.363952e-03,9.908445e-05,-2.502212e-03,2.456058e-03,2.084264e-03,-5.021484e-07
4.276785e+02,-9.916384e-01,-1.600859e-03,8.420212e-04,-3.959973e-04,9.210609e-03,8.938818e-04,-2.956055e-07
4.311841e+02,-9.915687e-01,2.601765e-03,7.056549e-04,8.292166e-04,7.930999e-03,-1.412434e-03,2.835937e-07
4.346896e+02,-9.907021e-01,4.523814e-03,-1.464850e-04,2.958602e-03,3.005381e-04,-2.076802e-03,-1.582031e-07
4.381952e+02,-9.893322e-01,2.950159e-03,-9.228919e-04,2.553159e-03,-6.848760e-03,-1.219273e-03,2.707031e-07
4.417008e+02,-9.888774e-01,-8.165065e-04,-1.131205e-03,-7.468629e-04,-8.892417e-03,3.334699e-04,-1.257812e-07
4.452063e+02,-9.898611e-01,-3.975756e-03,-6.539299e-04,-3.174011e-03,-4.322387e-03,1.701055e-03,-2.445068e-06
4.487119e+02,-9.911745e-01,-4.164428e-03,2.348216e-04,-2.183612e-03,3.651856e-03,2.043213e-03,-1.597656e-07
4.522175e+02,-9.916585e-01,-9.828205e-04,8.917836e-04,-2.167355e-04,9.671691e-03,5.551979e-04,-3.460937e-07
4.557230e+02,-9.915047e-01,3.090649e-03,6.071141e-04,1.135589e-03,7.008675e-03,-1.643120e-03,-4.404297e-07
4.592286e+02,-9.905029e-01,4.503969e-03,-2.815619e-04,3.129182e-03,-8.997510e-04,-2.030205e-03,9.746094e-07
4.627341e+02,-9.891768e-01,2.478310e-03,-9.986548e-04,2.188563e-03,-7.557982e-03,-1.018278e-03,-4.326172e-07
4.662397e+02,-9.889432e-01,-1.389782e-03,-1.104591e-03,-1.261158e-03,-8.602068e-03,5.685683e-04,-1.371973e-06
4.697453e+02,-9.900721e-01,-4.224238e-03,-5.396223e-04,-3.244122e-03,-3.254246e-03,1.838677e-03,-9.965820e-07
4.732508e+02,-9.913064e-01,-3.886858e-03,3.666992e-04,-1.838925e-03,4.817684e-03,1.961101e-03,-6.285645e-07
4.767564e+02,-9.916678e-01,-3.401648e-04,9.185097e-04,-6.963145e-05,9.912802e-03,1.922089e-04,-8.956055e-07
4.802619e+02,-9.914197e-01,3.516629e-03,4.947740e-04,1.472371e-03,5.977715e-03,-1.826595e-03,5.950195e-07
4.837675e+02,-9.902940e-01,4.406346e-03,-4.125896e-04,3.227708e-03,-2.074818e-03,-1.953177e-03,-2.279297e-07
4.872731e+02,-9.890471e-01,1.962751e-03,-1.060368e-03,1.760952e-03,-8.141453e-03,-8.034655e-04,-4.916992e-07
4.907786e+02,-9.890423e-01,-1.940381e-03,-1.062108e-03,-1.741340e-03,-8.163084e-03,7.969454e-04,-4.228516e-07
4.942842e+02,-9.902852e-01,-4.400618e-03,-4.166355e-04,-3.230083e-03,-2.123416e-03,1.951176e-03,-4.414063e-08
4.977898e+02,-9.914155e-01,-3.533148e-03,4.915418e-04,-1.487112e-03,5.932300e-03,1.832921e-03,-7.734375e-07
5.012953e+02,-9.916681e-01,3.126796e-04,9.202012e-04,6.480335e-05,9.917286e-03,-1.803876e-04,-2.291016e-07
5.048009e+02,-9.913112e-01,3.873175e-03,3.714097e-04,1.824706e-03,4.864265e-03,-1.961490e-03,-3.671875e-08
5.083064e+02,-9.900810e-01,4.232200e-03,-5.370470e-04,3.244662e-03,-3.209430e-03,-1.846564e-03,6.897461e-07
5.118120e+02,-9.889467e-01,1.412012e-03,-1.106109e-03,1.282203e-03,-8.587158e-03,-5.771645e-04,-1.286035e-06
5.153176e+02,-9.891713e-01,-2.458932e-03,-1.003397e-03,-2.172422e-03,-7.583808e-03,1.014343e-03,-3.476562e-07
5.188231e+02,-9.904950e-01,-4.501947e-03,-2.865904e-04,-3.135357e-03,-9.463338e-04,2.033809e-03,1.703125e-07
5.223287e+02,-9.915022e-01,-3.108567e-03,6.055287e-04,-1.148018e-03,6.971112e-03,1.654762e-03,-3.697266e-07
5.258342e+02,-9.916593e-01,9.585726e-04,8.959908e-04,2.111450e-04,9.685401e-03,-5.453614e-04,-5.507812e-08
5.293398e+02,-9.911800e-01,4.155306e-03,2.400100e-04,2.171220e-03,3.696210e-03,-2.048582e-03,7.031250e-08
5.328454e+02,-9.898694e-01,3.986137e-03,-6.528017e-04,3.178814e-03,-4.285007e-03,-1.712189e-03,8.292480e-07
5.363509e+02,-9.888794e-01,8.375298e-04,-1.134905e-03,7.659421e-04,-8.885654e-03,-3.423310e-04,7.968750e-08
5.398565e+02,-9.893259e-01,-2.934675e-03,-9.291832e-04,-2.540634e-03,-6.877754e-03,1.217692e-03,-2.198926e-06
5.433621e+02,-9.906956e-01,-4.525838e-03,-1.515377e-04,-2.966941e-03,2.564765e-04,2.084015e-03,-8.593750e-09
5.468676e+02,-9.915674e-01,-2.621592e-03,7.055952e-04,-8.396579e-04,7.901732e-03,1.426581e-03,-1.056226e-06
5.503732e+02,-9.916403e-01,1.579187e-03,8.476014e-04,3.888209e-04,9.233874e-03,-8.873542e-04,4.960937e-07
5.538787e+02,-9.910278e-01,4.359258e-03,1.037799e-04,2.491951e-03,2.500213e-03,-2.093219e-03,6.678711e-07
5.573843e+02,-9.896657e-01,3.674102e-03,-7.591535e-04,3.031070e-03,-5.281756e-03,-1.554870e-03,-9.453125e-07
5.608899e+02,-9.888461e-01,2.513401e-04,-1.148171e-03,2.313844e-04,-9.031715e-03,-1.027163e-04,-1.272070e-06
5.643954e+02,-9.895023e-01,-3.358647e-03,-8.420069e-04,-2.839064e-03,-6.060192e-03,1.406451e-03,-2.091797e-07
5.679010e+02,-9.908823e-01,-4.470276e-03,-1.380564e-05,-2.734000e-03,1.468694e-03,2.102805e-03,1.179688e-07
5.714065e+02,-9.916138e-01,-2.079193e-03,7.899877e-04,-5.758720e-04,8.693457e-03,1.152615e-03,-3.324219e-07
5.749121e+02,-9.916079e-01,2.162129e-03,7.785647e-04,6.125948e-04,8.586537e-03,-1.196047e-03,-9.560547e-07
5.784177e+02,-9.908558e-01,4.483199e-03,-3.433972e-05,2.771424e-03,1.289762e-03,-2.102212e-03,5.774414e-07
5.819232e+02,-9.894751e-01,3.299449e-03,-8.557737e-04,2.800119e-03,-6.187317e-03,-1.379536e-03,-3.296875e-07
5.854288e+02,-9.888491e-01,-3.382991e-04,-1.147267e-03,-3.107404e-04,-9.020044e-03,1.385364e-04,5.589844e-07
5.889344e+02,-9.896952e-01,-3.724104e-03,-7.440486e-04,-3.057743e-03,-5.140385e-03,1.579835e-03,1.242188e-07
5.924399e+02,-9.910513e-01,-4.334403e-03,1.242736e-04,-2.446961e-03,2.677211e-03,2.089433e-03,-9.433594e-07
5.959455e+02,-9.916440e-01,-1.490279e-03,8.564670e-04,-3.607148e-04,9.313657e-03,8.387170e-04,5.080078e-07
5.994510e+02,-9.915593e-01,2.696930e-03,6.919224e-04,8.832102e-04,7.773386e-03,-1.464245e-03,-2.115234e-07
6.029566e+02,-9.906671e-01,4.527481e-03,-1.720335e-04,2.995523e-03,7.839145e-05,-2.079619e-03,1.129687e-06
6.064622e+02,-9.893019e-01,2.868023e-03,-9.417234e-04,2.492317e-03,-6.990175e-03,-1.188850e-03,-3.789062e-07
6.099677e+02,-9.888866e-01,-9.234564e-04,-1.132363e-03,-8.428833e-04,-8.853588e-03,3.781770e-04,-1.860571e-06
6.134733e+02,-9.899001e-01,-4.028054e-03,-6.364853e-04,-3.195442e-03,-4.132994e-03,1.735119e-03,-1.847656e-07
6.169789e+02,-9.912012e-01,-4.120485e-03,2.603522e-04,-2.122205e-03,3.870539e-03,2.039935e-03,-4.790039e-07
6.204844e+02,-9.916619e-01,-8.662103e-04,9.021509e-04,-1.877758e-04,9.736846e-03,4.920625e-04,-5.299805e-07
6.239900e+02,-9.914918e-01,3.175272e-03,5.897385e-04,1.195605e-03,6.828460e-03,-1.687530e-03,8.191406e-07
6.274955e+02,-9.904655e-01,4.493484e-03,-3.074715e-04,3.154575e-03,-1.119120e-03,-2.026562e-03,2.958984e-07
6.310011e+02,-9.891511e-01,2.387331e-03,-1.015444e-03,2.114636e-03,-7.677676e-03,-9.835198e-04,2.478516e-07
6.345067e+02,-9.889590e-01,-1.493366e-03,-1.102581e-03,-1.352630e-03,-8.535124e-03,6.141044e-04,-1.502344e-06
6.380122e+02,-9.901115e-01,-4.263641e-03,-5.196561e-04,-3.248778e-03,-3.052413e-03,1.869465e-03,-1.220654e-06
6.415178e+02,-9.913289e-01,-3.829307e-03,3.921923e-04,-1.775015e-03,5.027668e-03,1.949333e-03,-1.370605e-06
6.450233e+02,-9.916699e-01,-2.211011e-04,9.248518e-04,-4.562699e-05,9.936158e-03,1.235980e-04,5.247070e-07
6.485289e+02,-9.914025e-01,3.588812e-03,4.745237e-04,1.537440e-03,5.781604e-03,-1.864430e-03,-1.058594e-07
6.520345e+02,-9.902558e-01,4.381801e-03,-4.387906e-04,3.238054e-03,-2.286911e-03,-1.944723e-03,1.718750e-07
6.555400e+02,-9.890267e-01,1.865199e-03,-1.075693e-03,1.677282e-03,-8.236231e-03,-7.652972e-04,-8.984375e-08
6.590456e+02,-9.890639e-01,-2.038291e-03,-1.057758e-03,-1.824616e-03,-8.070124e-03,8.433715e-04,-5.429687e-08
6.625512e+02,-9.903242e-01,-4.426253e-03,-3.946877e-04,-3.219510e-03,-1.912646e-03,1.979739e-03,-5.203125e-07
6.660567e+02,-9.914340e-01,-3.462012e-03,5.168865e-04,-1.424831e-03,6.130443e-03,1.813280e-03,-2.317383e-07
6.695623e+02,-9.916682e-01,4.319625e-04,9.229890e-04,9.037645e-05,9.896076e-03,-2.518819e-04,-4.384766e-07
6.730678e+02,-9.912899e-01,3.931838e-03,3.490500e-04,1.889614e-03,4.654893e-03,-1.994128e-03,7.218750e-07
6.765734e+02,-9.900422e-01,4.193554e-03,-5.635006e-04,3.240011e-03,-3.412962e-03,-1.834772e-03,6.093750e-08
6.800790e+02,-9.889320e-01,1.308176e-03,-1.120352e-03,1.190089e-03,-8.655518e-03,-5.364786e-04,-1.646875e-06
6.835845e+02,-9.891985e-01,-2.550645e-03,-9.972130e-04,-2.246062e-03,-7.464658e-03,1.061422e-03,4.248047e-07
6.870901e+02,-9.905334e-01,-4.513195e-03,-2.630776e-04,-3.110181e-03,-7.259716e-04,2.060176e-03,2.929688e-08
6.905956e+02,-9.915168e-01,-3.023368e-03,6.301609e-04,-1.089146e-03,7.154692e-03,1.626855e-03,1.199219e-07
6.941012e+02,-9.916575e-01,1.076852e-03,8.951125e-04,2.421566e-04,9.619693e-03,-6.168975e-04,-5.411133e-07
6.976068e+02,-9.911536e-01,4.200175e-03,2.160047e-04,2.234813e-03,3.474247e-03,-2.075654e-03,-3.734375e-07
7.011123e+02,-9.898304e-01,3.932717e-03,-6.788184e-04,3.158057e-03,-4.479774e-03,-1.696720e-03,-9.633789e-07
7.046179e+02,-9.888709e-01,7.272807e-04,-1.147210e-03,6.656092e-04,-8.925704e-03,-2.995850e-04,1.523437e-07
7.081235e+02,-9.893588e-01,-3.019391e-03,-9.205820e-04,-2.603690e-03,-6.730651e-03,1.263920e-03,2.167969e-07
7.116290e+02,-9.907328e-01,-4.521035e-03,-1.267131e-04,-2.926854e-03,4.881179e-04,2.105707e-03,8.710937e-08
7.151346e+02,-9.915782e-01,-2.520758e-03,7.280107e-04,-7.863661e-04,8.066537e-03,1.388554e-03,-6.601563e-08
7.186401e+02,-9.916358e-01,1.696021e-03,8.420243e-04,4.288344e-04,9.122929e-03,-9.548168e-04,6.938477e-07
7.221457e+02,-9.909961e-01,4.390063e-03,7.859677e-05,2.550631e-03,2.264058e-03,-2.111402e-03,1.107422e-06
7.256513e+02,-9.896278e-01,3.605635e-03,-7.828831e-04,2.991156e-03,-5.467518e-03,-1.533238e-03,7.898437e-07
7.291568e+02,-9.888442e-01,1.356062e-04,-1.156107e-03,1.249120e-04,-9.042464e-03,-5.831015e-05,-9.643555e-07
7.326624e+02,-9.895393e-01,-3.435765e-03,-8.294411e-04,-2.888150e-03,-5.887864e-03,1.448166e-03,-8.894531e-07
7.361679e+02,-9.909173e-01,-4.451093e-03,1.186946e-05,-2.681257e-03,1.706442e-03,2.114513e-03,-1.802588e-06
7.396735e+02,-9.916216e-01,-1.968025e-03,8.078705e-04,-5.300628e-04,8.831684e-03,1.102516e-03,-8.356201e-07
7.431791e+02,-9.916009e-01,2.271638e-03,7.671855e-04,6.614717e-04,8.442339e-03,-1.255367e-03,2.396484e-07
7.466846e+02,-9.908208e-01,4.499782e-03,-6.044625e-05,2.821339e-03,1.052422e-03,-2.109319e-03,5.414062e-07
7.501902e+02,-9.894401e-01,3.220557e-03,-8.762901e-04,2.746224e-03,-6.355063e-03,-1.350469e-03,8.011230e-07
7.536958e+02,-9.888535e-01,-4.532525e-04,-1.150024e-03,-4.155998e-04,-9.003005e-03,1.842717e-04,-3.585938e-07
7.572013e+02,-9.897342e-01,-3.790103e-03,-7.273010e-04,-3.091668e-03,-4.953528e-03,1.616213e-03,-1.636914e-06
7.607069e+02,-9.910828e-01,-4.301843e-03,1.505579e-04,-2.387690e-03,2.910406e-03,2.090294e-03,-1.879126e-06
7.642124e+02,-9.916495e-01,-1.373982e-03,8.696155e-04,-3.238824e-04,9.416576e-03,7.778561e-04,-7.570312e-07
7.677180e+02,-9.915493e-01,2.794421e-03,6.756883e-04,9.401305e-04,7.606421e-03,-1.515473e-03,1.380859e-07
7.712236e+02,-9.906302e-01,4.529404e-03,-1.989644e-04,3.033338e-03,-1.513757e-04,-2.078610e-03,1.519531e-07
7.747291e+02,-9.892714e-01,2.781646e-03,-9.601826e-04,2.427121e-03,-7.133434e-03,-1.154282e-03,-5.712891e-07
7.782347e+02,-9.888975e-01,-1.033391e-03,-1.131740e-03,-9.420234e-04,-8.808944e-03,4.255144e-04,-2.124268e-06
7.817402e+02,-9.899400e-01,-4.080007e-03,-6.168407e-04,-3.213549e-03,-3.936245e-03,1.769028e-03,-7.757813e-07
7.852458e+02,-9.912280e-01,-4.073816e-03,2.873203e-04,-2.059007e-03,4.093255e-03,2.033226e-03,-1.054346e-06
7.887514e+02,-9.916653e-01,-7.469496e-04,9.120002e-04,-1.590740e-04,9.797195e-03,4.236635e-04,-8.244141e-07
7.922569e+02,-9.914779e-01,3.259279e-03,5.705533e-04,1.258701e-03,6.642442e-03,-1.733475e-03,3.019531e-07
7.957625e+02,-9.904275e-01,4.480308e-03,-3.353214e-04,3.177132e-03,-1.340757e-03,-2.022200e-03,7.070313e-07
7.992681e+02,-9.891259e-01,2.293746e-03,-1.033616e-03,2.037951e-03,-7.794801e-03,-9.460546e-04,4.516602e-07
8.027736e+02,-9.889763e-01,-1.597554e-03,-1.100753e-03,-1.444487e-03,-8.462124e-03,6.635425e-04,-6.220703e-07
8.062792e+02,-9.901515e-01,-4.300971e-03,-4.984008e-04,-3.250143e-03,-2.845437e-03,1.903772e-03,-2.101172e-06
8.097847e+02,-9.913513e-01,-3.767777e-03,4.199182e-04,-1.710899e-03,5.239859e-03,1.937675e-03,-3.601562e-07
8.132903e+02,-9.916712e-01,-9.926352e-05,9.324074e-04,-1.941964e-05,9.950374e-03,5.034027e-05,-8.984619e-07
8.167959e+02,-9.913841e-01,3.659430e-03,4.535339e-04,1.603679e-03,5.576961e-03,-1.907010e-03,4.458008e-07
8.203014e+02,-9.902162e-01,4.352994e-03,-4.674703e-04,3.245272e-03,-2.502951e-03,-1.939154e-03,-8.632812e-08
8.238070e+02,-9.890070e-01,1.762858e-03,-1.093995e-03,1.588710e-03,-8.327286e-03,-7.261648e-04,8.046875e-08
8.273125e+02,-9.890870e-01,-2.138368e-03,-1.055234e-03,-1.907178e-03,-7.967848e-03,8.941831e-04,-2.593018e-06
8.308181e+02,-9.903648e-01,-4.450128e-03,-3.722744e-04,-3.205744e-03,-1.692456e-03,2.013843e-03,-8.349609e-07
8.343237e+02,-9.914525e-01,-3.385564e-03,5.445356e-04,-1.360597e-03,6.333519e-03,1.795378e-03,-2.551758e-07
8.378292e+02,-9.916685e-01,5.559702e-04,9.273480e-04,1.169663e-04,9.865840e-03,-3.275789e-04,5.176758e-07
8.413348e+02,-9.912668e-01,3.990536e-03,3.260781e-04,1.957848e-03,4.434406e-03,-2.031876e-03,6.880371e-07
8.448404e+02,-9.900019e-01,4.150514e-03,-5.924632e-04,3.231841e-03,-3.623862e-03,-1.825947e-03,-3.523437e-07
8.483459e+02,-9.889183e-01,1.198654e-03,-1.137488e-03,1.091341e-03,-8.721402e-03,-4.946224e-04,-1.007812e-07
8.518515e+02,-9.892278e-01,-2.645016e-03,-9.925628e-04,-2.319875e-03,-7.335210e-03,1.113002e-03,-2.033203e-07
8.553570e+02,-9.905733e-01,-4.522371e-03,-2.388062e-04,-3.081184e-03,-4.945505e-04,2.091591e-03,-4.404297e-07
8.588626e+02,-9.915315e-01,-2.932195e-03,6.569718e-04,-1.028593e-03,7.343035e-03,1.599356e-03,-2.203125e-07
8.623682e+02,-9.916558e-01,1.199833e-03,8.952357e-04,2.753120e-04,9.543785e-03,-6.927090e-04,1.898438e-07
8.658737e+02,-9.911254e-01,4.244838e-03,1.909744e-04,2.300660e-03,3.240909e-03,-2.106968e-03,-6.432617e-07
8.693793e+02,-9.897909e-01,3.874984e-03,-7.073158e-04,3.131659e-03,-4.681129e-03,-1.682957e-03,9.248047e-07
8.728849e+02,-9.888632e-01,6.121622e-04,-1.161952e-03,5.613820e-04,-8.963305e-03,-2.548129e-04,-1.326855e-06
8.763904e+02,-9.893933e-01,-3.106621e-03,-9.128800e-04,-2.666206e-03,-6.575742e-03,1.314634e-03,2.578125e-07
8.798960e+02,-9.907711e-01,-4.515400e-03,-1.006686e-04,-2.883714e-03,7.273690e-04,2.131522e-03,-1.713428e-06
8.834015e+02,-9.915895e-01,-2.417124e-03,7.526180e-04,-7.326657e-04,8.233183e-03,1.349456e-03,-9.819336e-07
8.869071e+02,-9.916316e-01,1.813925e-03,8.371899e-04,4.716230e-04,9.006790e-03,-1.027439e-03,6.774414e-07
8.904127e+02,-9.909635e-01,4.419759e-03,5.174079e-05,2.610280e-03,2.024524e-03,-2.135003e-03,-1.910156e-07
8.939182e+02,-9.895895e-01,3.534612e-03,-8.101449e-04,2.949621e-03,-5.654138e-03,-1.513645e-03,-2.144531e-07
8.974238e+02,-9.888438e-01,1.767409e-05,-1.167550e-03,1.631115e-05,-9.049368e-03,-1.088795e-05,-3.960937e-07
9.009293e+02,-9.895781e-01,-3.512561e-03,-8.182307e-04,-2.936425e-03,-5.709263e-03,1.496896e-03,3.785156e-07
9.044349e+02,-9.909531e-01,-4.428247e-03,3.941781e-05,-2.626714e-03,1.950796e-03,2.132959e-03,-1.198828e-06
9.079405e+02,-9.916296e-01,-1.850927e-03,8.291631e-04,-4.851366e-04,8.968499e-03,1.051389e-03,-8.384766e-07
9.114460e+02,-9.915930e-01,2.383560e-03,7.572378e-04,7.153516e-04,8.285969e-03,-1.321630e-03,5.496094e-07
9.149516e+02,-9.907833e-01,4.513550e-03,-8.840926e-05,2.871654e-03,8.044907e-04,-2.123703e-03,-7.296875e-07
9.184572e+02,-9.894042e-01,3.135140e-03,-9.009676e-04,2.686532e-03,-6.526167e-03,-1.324262e-03,8.208984e-07
9.219627e+02,-9.888599e-01,-5.741017e-04,-1.156779e-03,-5.254131e-04,-8.977779e-03,2.331545e-04,-1.636084e-06
9.254683e+02,-9.897769e-01,-3.856550e-03,-7.119897e-04,-3.125288e-03,-4.750847e-03,1.660015e-03,4.750977e-07
9.289738e+02,-9.911158e-01,-4.261648e-03,1.787144e-04,-2.323342e-03,3.160156e-03,2.097515e-03,2.844727e-07
9.324794e+02,-9.916549e-01,-1.244769e-03,8.854635e-04,-2.871372e-04,9.517899e-03,7.148621e-04,-8.593750e-08
9.359850e+02,-9.915370e-01,2.898636e-03,6.600199e-04,1.005279e-03,7.415570e-03,-1.571308e-03,-1.949219e-07
9.394905e+02,-9.905891e-01,4.527303e-03,-2.272261e-04,3.070577e-03,-4.045036e-04,-2.080929e-03,1.135547e-06
9.429961e+02,-9.892386e-01,2.683672e-03,-9.805378e-04,2.351816e-03,-7.286167e-03,-1.120128e-03,-1.259375e-06
9.465016e+02,-9.889116e-01,-1.154361e-03,-1.132086e-03,-1.051867e-03,-8.751700e-03,4.748144e-04,-1.609375e-07
9.500072e+02,-9.899847e-01,-4.133844e-03,-5.967751e-04,-3.229549e-03,-3.713517e-03,1.805047e-03,-5.510742e-07
9.535128e+02,-9.912568e-01,-4.017273e-03,3.151838e-04,-1.987648e-03,4.339898e-03,2.025773e-03,-4.602051e-07
9.570183e+02,-9.916685e-01,-6.118792e-04,9.210008e-04,-1.287623e-04,9.853684e-03,3.511177e-04,-3.121094e-07
9.605239e+02,-9.914611e-01,3.350759e-03,5.495554e-04,1.330614e-03,6.428471e-03,-1.777051e-03,-2.208984e-07
9.640295e+02,-9.903842e-01,4.462054e-03,-3.632176e-04,3.199611e-03,-1.588644e-03,-2.012775e-03,7.773438e-07
9.675350e+02,-9.890981e-01,2.186698e-03,-1.049367e-03,1.950331e-03,-7.921429e-03,-9.049093e-04,-1.432251e-06
9.710406e+02,-9.889966e-01,-1.714051e-03,-1.095146e-03,-1.546050e-03,-8.375029e-03,7.121052e-04,-1.065088e-06
9.745461e+02,-9.901966e-01,-4.340629e-03,-4.744470e-04,-3.249827e-03,-2.610995e-03,1.931821e-03,-1.492310e-06
9.780517e+02,-9.913752e-01,-3.696737e-03,4.467160e-04,-1.637907e-03,5.475036e-03,1.916049e-03,-9.824219e-07
9.815573e+02,-9.916725e-01,3.609269e-05,9.348752e-04,8.313577e-06,9.958577e-03,-2.741755e-05,-8.945068e-07
9.850628e+02,-9.913629e-01,3.735531e-03,4.285758e-04,1.677441e-03,5.349866e-03,-1.939805e-03,7.812500e-10
9.885684e+02,-9.901729e-01,4.319804e-03,-4.949071e-04,3.250847e-03,-2.738186e-03,-1.921109e-03,5.302734e-07
9.920739e+02,-9.889860e-01,1.650980e-03,-1.106399e-03,1.491733e-03,-8.423581e-03,-6.798942e-04,-1.554687e-07
9.955795e+02,-9.891131e-01,-2.245643e-03,-1.045483e-03,-1.996672e-03,-7.854138e-03,9.427091e-04,-2.597461e-06
9.990851e+02,-9.904081e-01,-4.473524e-03,-3.455804e-04,-3.188510e-03,-1.454097e-03,2.036866e-03,-1.288892e-06
1.002591e+03,-9.914715e-01,-3.301568e-03,5.705307e-04,-1.292348e-03,6.548276e-03,1.762701e-03,2.308594e-07
1.006096e+03,-9.916677e-01,6.870920e-04,9.252230e-04,1.474320e-04,9.824895e-03,-4.070841e-04,-9.257812e-07
1.009602e+03,-9.912410e-01,4.049353e-03,2.987962e-04,2.029282e-03,4.199831e-03,-2.058576e-03,-2.232422e-07
1.013107e+03,-9.899597e-01,4.102392e-03,-6.201208e-04,3.219292e-03,-3.842442e-03,-1.804254e-03,6.186523e-07
1.016613e+03,-9.889045e-01,1.083233e-03,-1.148862e-03,9.880125e-04,-8.784590e-03,-4.456124e-04,-4.233398e-07
1.020118e+03,-9.892589e-01,-2.741973e-03,-9.811715e-04,-2.394698e-03,-7.195601e-03,1.162601e-03,-1.167773e-06
1.023624e+03,-9.906142e-01,-4.529149e-03,-2.106535e-04,-3.048205e-03,-2.530372e-04,2.113075e-03,-1.726172e-06
1.027130e+03,-9.915457e-01,-2.835629e-03,6.823858e-04,-9.670428e-04,7.533494e-03,1.558755e-03,-2.947266e-07
1.030635e+03,-9.916531e-01,1.325367e-03,8.901316e-04,3.113186e-04,9.456886e-03,-7.713670e-04,3.589844e-07
1.034141e+03,-9.910959e-01,4.287557e-03,1.622924e-04,2.365522e-03,3.000374e-03,-2.130962e-03,9.243164e-07
1.037646e+03,-9.897501e-01,3.813328e-03,-7.357471e-04,3.102831e-03,-4.884063e-03,-1.660161e-03,3.417969e-07
1.041152e+03,-9.888568e-01,4.938888e-04,-1.173501e-03,4.532055e-04,-8.995226e-03,-2.038947e-04,-8.903320e-07
1.044657e+03,-9.894292e-01,-3.193314e-03,-9.008302e-04,-2.726497e-03,-6.412370e-03,1.366257e-03,-4.755859e-07
1.048163e+03,-9.908097e-01,-4.505653e-03,-7.130234e-05,-2.837784e-03,9.729091e-04,2.152783e-03,-1.685474e-06
1.051668e+03,-9.916001e-01,-2.307595e-03,7.774858e-04,-6.795555e-04,8.397386e-03,1.301176e-03,-1.026685e-06
1.055174e+03,-9.916262e-01,1.933608e-03,8.295613e-04,5.180412e-04,8.877193e-03,-1.104141e-03,5.469727e-07
1.058680e+03,-9.909290e-01,4.446222e-03,2.189444e-05,2.668411e-03,1.776080e-03,-2.157012e-03,-6.328125e-08
1.062185e+03,-9.895506e-01,3.457963e-03,-8.390982e-04,2.902474e-03,-5.842060e-03,-1.489692e-03,-9.975586e-07
1.065691e+03,-9.888448e-01,-1.045849e-04,-1.178782e-03,-9.543188e-05,-9.048392e-03,4.164204e-05,-1.194141e-06
1.069196e+03,-9.896183e-01,-3.589686e-03,-8.050959e-04,-2.981100e-03,-5.520236e-03,1.549255e-03,-2.074878e-06
1.072702e+03,-9.909894e-01,-4.401922e-03,6.971050e-05,-2.568808e-03,2.202597e-03,2.151409e-03,-9.013672e-07
1.076207e+03,-9.916377e-01,-1.728519e-03,8.519643e-04,-4.413860e-04,9.103222e-03,9.939922e-04,1.730469e-07
1.079713e+03,-9.915842e-01,2.497018e-03,7.461031e-04,7.741800e-04,8.118690e-03,-1.393558e-03,-6.391602e-07
1.083219e+03,-9.907446e-01,4.524526e-03,-1.193451e-04,2.919564e-03,5.488870e-04,-2.140739e-03,3.960937e-07
1.086724e+03,-9.893678e-01,3.044966e-03,-9.290607e-04,2.622632e-03,-6.698358e-03,-1.296512e-03,-6.357422e-07
1.090230e+03,-9.888683e-01,-6.985545e-04,-1.165633e-03,-6.383319e-04,-8.945448e-03,2.874903e-04,-2.458496e-06
1.093735e+03,-9.898211e-01,-3.922771e-03,-6.961753e-04,-3.155364e-03,-4.538802e-03,1.710806e-03,1.824219e-07
1.097241e+03,-9.911489e-01,-4.218098e-03,2.099478e-04,-2.255306e-03,3.415411e-03,2.108640e-03,-2.247070e-07
1.100746e+03,-9.916606e-01,-1.112007e-03,9.044583e-04,-2.511529e-04,9.613793e-03,6.470301e-04,1.316406e-07
1.104252e+03,-9.915243e-01,3.002765e-03,6.444968e-04,1.073382e-03,7.216585e-03,-1.636065e-03,4.077148e-07
1.107757e+03,-9.905467e-01,4.522171e-03,-2.591007e-04,3.106661e-03,-6.626731e-04,-2.090607e-03,4.194336e-07
1.111263e+03,-9.892069e-01,2.581384e-03,-1.006626e-03,2.270163e-03,-7.437237e-03,-1.086765e-03,7.625000e-07
1.114769e+03,-9.889274e-01,-1.277471e-03,-1.137157e-03,-1.161363e-03,-8.686775e-03,5.309337e-04,-9.848633e-07
1.118274e+03,-9.900308e-01,-4.186760e-03,-5.774771e-04,-3.242036e-03,-3.483427e-03,1.852437e-03,-1.728809e-06
1.121780e+03,-9.912857e-01,-3.957221e-03,3.469975e-04,-1.914294e-03,4.590870e-03,2.026541e-03,-1.257153e-06
1.125285e+03,-9.916721e-01,-4.735514e-04,9.351429e-04,-9.819088e-05,9.903223e-03,2.740299e-04,-7.691406e-07
1.128791e+03,-9.914436e-01,3.441789e-03,5.297031e-04,1.405611e-03,6.206363e-03,-1.833771e-03,-2.044922e-07
1.132296e+03,-9.903397e-01,4.440297e-03,-3.958194e-04,3.219691e-03,-1.841961e-03,-2.014983e-03,3.359375e-08
1.135802e+03,-9.890718e-01,2.074920e-03,-1.073247e-03,1.856001e-03,-8.045803e-03,-8.659702e-04,-6.692383e-07
1.139308e+03,-9.890195e-01,-1.832681e-03,-1.096395e-03,-1.648135e-03,-8.278538e-03,7.696363e-04,-1.671777e-06
1.142813e+03,-9.902437e-01,-4.378089e-03,-4.517970e-04,-3.245779e-03,-2.365977e-03,1.975538e-03,-2.734375e-08
1.146319e+03,-9.913997e-01,-3.618809e-03,4.786472e-04,-1.563245e-03,5.717867e-03,1.905418e-03,-4.020996e-07
1.149824e+03,-9.916742e-01,1.789457e-04,9.437242e-04,3.730023e-05,9.956315e-03,-1.110681e-04,-2.507813e-07
1.153330e+03,-9.913397e-01,3.812887e-03,4.048290e-04,1.756717e-03,5.105601e-03,-1.988013e-03,-5.378906e-07
1.156835e+03,-9.901267e-01,4.280620e-03,-5.276971e-04,3.253217e-03,-2.987298e-03,-1.915650e-03,-2.970703e-07
1.160341e+03,-9.889653e-01,1.529117e-03,-1.127394e-03,1.385271e-03,-8.519774e-03,-6.356437e-04,-1.206055e-06
1.163846e+03,-9.891436e-01,-2.359518e-03,-1.042365e-03,-2.091380e-03,-7.723886e-03,1.000611e-03,-9.687500e-08
1.167352e+03,-9.904554e-01,-4.494155e-03,-3.196510e-04,-3.165958e-03,-1.191898e-03,2.074913e-03,3.394531e-07
1.170858e+03,-9.914909e-01,-3.205001e-03,6.013442e-04,-1.217937e-03,6.778517e-03,1.738249e-03,-9.851074e-07
1.174363e+03,-9.916670e-01,8.315569e-04,9.277322e-04,1.806721e-04,9.766884e-03,-4.929280e-04,3.023437e-07
1.177869e+03,-9.912117e-01,4.111144e-03,2.716964e-04,2.107825e-03,3.936151e-03,-2.096008e-03,2.068359e-07
1.181374e+03,-9.899125e-01,4.045216e-03,-6.517159e-04,3.202139e-03,-4.084208e-03,-1.789819e-03,-2.671875e-07
1.184880e+03,-9.888910e-01,9.525841e-04,-1.165293e-03,8.700427e-04,-8.848563e-03,-3.966185e-04,-4.331055e-07
1.188385e+03,-9.892954e-01,-2.848988e-03,-9.727603e-04,-2.475905e-03,-7.032859e-03,1.218091e-03,-1.757812e-06
1.191891e+03,-9.906603e-01,-4.533118e-03,-1.819923e-04,-3.008334e-03,2.073350e-05,2.141598e-03,-1.586328e-06
1.195397e+03,-9.915612e-01,-2.723365e-03,7.100535e-04,-8.993838e-04,7.744147e-03,1.518215e-03,-3.769531e-07
1.198902e+03,-9.916499e-01,1.466586e-03,8.852047e-04,3.537762e-04,9.349557e-03,-8.543371e-04,9.174805e-07
1.202408e+03,-9.910611e-01,4.332848e-03,1.323253e-04,2.439692e-03,2.726712e-03,-2.155683e-03,-1.558594e-07
1.205913e+03,-9.897043e-01,3.740588e-03,-7.650730e-04,3.066663e-03,-5.111060e-03,-1.635782e-03,-5.126953e-07
1.209419e+03,-9.888510e-01,3.593591e-04,-1.184406e-03,3.299874e-04,-9.025437e-03,-1.507167e-04,-8.138672e-07
1.212924e+03,-9.894706e-01,-3.289525e-03,-8.868295e-04,-2.792070e-03,-6.223507e-03,1.418082e-03,-1.088184e-06
1.216430e+03,-9.908532e-01,-4.491632e-03,-4.030829e-05,-2.784463e-03,1.251319e-03,2.170398e-03,4.687500e-07
1.219935e+03,-9.916115e-01,-2.181704e-03,8.010874e-04,-6.215093e-04,8.577429e-03,1.244573e-03,-1.054077e-06
1.223441e+03,-9.916196e-01,2.066826e-03,8.177475e-04,5.724472e-04,8.724742e-03,-1.180753e-03,-7.812500e-08
1.226947e+03,-9.908896e-01,4.473318e-03,-1.007860e-05,2.732012e-03,1.497983e-03,-2.170315e-03,-1.765625e-07
1.230452e+03,-9.895083e-01,3.370965e-03,-8.660083e-04,2.846152e-03,-6.048181e-03,-1.456837e-03,9.599609e-07
1.233958e+03,-9.888469e-01,-2.394705e-04,-1.184752e-03,-2.188612e-04,-9.042869e-03,9.796834e-05,-1.805835e-06
1.237463e+03,-9.896635e-01,-3.672252e-03,-7.864225e-04,-3.029325e-03,-5.308759e-03,1.597635e-03,-1.085498e-06
1.240969e+03,-9.910284e-01,-4.369377e-03,1.022804e-04,-2.502968e-03,2.479383e-03,2.158842e-03,-2.976562e-07
1.244474e+03,-9.916452e-01,-1.592883e-03,8.713185e-04,-3.942113e-04,9.241153e-03,9.240841e-04,-6.712891e-07
1.247980e+03,-9.915735e-01,2.617760e-03,7.289814e-04,8.390169e-04,7.929569e-03,-1.462459e-03,-6.466797e-07
1.251486e+03,-9.907018e-01,4.532782e-03,-1.525458e-04,2.968815e-03,2.727775e-04,-2.145972e-03,9.555664e-07
1.254991e+03,-9.893299e-01,2.945457e-03,-9.542050e-04,2.549158e-03,-6.878556e-03,-1.257979e-03,8.292480e-07
